Afghanistan,0,AF,AFG,4,*,afganistan;afghanistan,67.23,34.83
Åland Islands,5,AX,ALA,248,%C3%85land_Islands,,19.99,60.23
Albania,5,AL,ALB,8,*,,20.02,41.1
Algeria,1,DZ,DZA,12,*,,2.66,29.11
American Samoa,2,AS,ASM,16,*,,-170.55,-14.3
Andorra,5,AD,AND,20,*,,1.65,42.55
Angola,1,AO,AGO,24,*,,17.54,-11.81
Anguilla,2,AI,AIA,660,*,,-63.05,18.22
Antarctica,4,AQ,ATA,10,*,,-2.94,-80
Antigua and Barbuda,2,AG,ATG,28,*,antigua and barbuda,-61.8,17.09
Argentina,3,AR,ARG,32,*,,-65.83,-38.48
Armenia,0,AM,ARM,51,*,,45.13,40.07
Aruba,2,AW,ABW,533,*,,-70.01,12.52
Australia,6,AU,AUS,36,*,,133.25,-22.65
Austria,5,AT,AUT,40,*,,13.44,47.53
Azerbaijan,0,AZ,AZE,31,*,,47.22,40.51
The Bahamas,2,BS,BHS,44,*,bahamas;the bahamas;bahamas the,-76.4,25.25
Bahrain,0,BH,BHR,48,*,,50.8,25.65
Bangladesh,0,BD,BGD,50,*,,90.42,23.22
Barbados,2,BB,BRB,52,*,,-59.54,13.18
Belarus,0,BY,BLR,112,*,,27.78,53.64
Belgium,5,BE,BEL,56,*,,4.91,50.65
Belize,2,BZ,BLZ,84,*,,-88.57,17.42
Benin,1,BJ,BEN,204,*,,2.23,9.97
Bermuda,2,BM,BMU,60,*,,-64.86,32.29
Bhutan,0,BT,BTN,64,*,,90.46,27.55
Bolivia,3,BO,BOL,68,*,,-64.56,-17.16
Bosnia and Herzegovina,5,BA,BIH,70,*,bosnia herzegovina;bosnia-herzegovina;bosnia and herzegovina;bosnia & herzegovina;bosnia,18.4,43.96
Botswana,1,BW,BWA,72,*,,24.62,-22.44
Bouvet Island,5,BV,BVT,74,*,,3.4,-54.43
Brazil,3,BR,BRA,76,Brazil,,-52.84,-8.88
British Indian Ocean Territory,0,IO,IOT,86,*,,72.43,-7.3
Brunei,0,BN,BRN,96,*,brunei;brunei darussalam,115.18,4.7
Bulgaria,5,BG,BGR,100,*,,25,42.66
Burkina Faso,1,BF,BFA,854,*,,-1.39,12.46
Burundi,1,BI,BDI,108,*,,30.01,-3.18
Cambodia,0,KH,KHM,116,*,,105.21,12.44
Cameroon,1,CM,CMR,120,*,,12.87,6.96
Canada,2,CA,CAN,124,*,,-92.75,55
Cape Verde,1,CV,CPV,132,*,cap vert;cabo verde;cape vert;cape verde,-24.43,14.92
Cayman Islands,2,KY,CYM,136,*,,-81.26,19.31
Central African Republic,1,CF,CAF,140,*,car;c.a.r,21.55,6.37
Chad,0,TD,TCD,148,Chad,,18.33,13.36
Chile,3,CL,CHL,152,Chile,,-72.46,-44.12
China,0,CN,CHN,156,People%27s_Republic_of_China,People's Republic of China,105.99,34.13
Christmas Island,6,CX,CXR,162,*,,105.68,-10.45
Cocos (Keeling) Islands,6,CC,CCK,166,*,,96.9,-12.19
Colombia,3,CO,COL,170,*,,-73.72,4.32
Comoros,1,KM,COM,174,*,,43.71,-12.33
Republic of the Congo,1,CG,COG,178,*,congo;republic of congo;republic of the congo;congo (republic of);congo republic of the,14.32,-1.46
Democratic Republic of the Congo,1,CD,COD,180,*,congo (democratic republic of the);democratic republic of the congo;congo democratic republic;congo democratic republic of the;dem. rep. of the congo,22.8,-4.67
Cook Islands,6,CK,COK,184,*,,-157.93,-21.91
Costa Rica,2,CR,CRI,188,*,,-83,9.79
Côte d'Ivoire,1,CI,CIV,384,C%C3%B4te_d%27Ivoire,ivory coast;Cote d'Ivoire,-5.82,7.64
Croatia,5,HR,HRV,191,*,,16.43,45.17
Cuba,2,CU,CUB,192,*,,-79.59,21.81
Cyprus,5,CY,CYP,196,*,cyprus;cyprus (greek),33.59,35.14
Czech Republic,5,CZ,CZE,203,*,,15.9,49.9
Denmark,5,DK,DNK,208,*,,9.35,56
Djibouti,1,DJ,DJI,262,*,,42.67,11.73
Dominica,2,DM,DMA,212,*,,-61.36,15.42
Dominican Republic,2,DO,DOM,214,*,dominican rep.,-70.34,18.78
Ecuador,3,EC,ECU,218,*,,-78.89,-1.84
Egypt,1,EG,EGY,818,*,,31.89,28.74
El Salvador,2,SV,SLV,222,*,,-88.67,13.76
Equatorial Guinea,1,GQ,GNQ,226,*,,10.28,1.64
Eritrea,1,ER,ERI,232,*,,38.88,15.14
Estonia,5,EE,EST,233,*,,25.55,58.55
Ethiopia,1,ET,ETH,231,*,,38.79,9.22
Falkland Islands,3,FK,FLK,238,*,,-58.66,-51.8
Faroe Islands,5,FO,FRO,234,*,,-6.78,61.52
Fiji,6,FJ,FJI,242,Fiji,,179.55,-16.66
Finland,5,FI,FIN,246,*,,25.19,65.1
France,5,FR,FRA,250,*,,1.86,46.6
French Guiana,3,GF,GUF,254,*,,-53.23,4.3
French Polynesia,6,PF,PYF,258,*,,-143.5,-27.91
French Southern and Antarctic Lands,4,TF,ATF,260,*,,69.55,-49.24
Gabon,1,GA,GAB,266,*,,11.5,-0.8
The Gambia,1,GM,GMB,270,*,gambia;the gambia;gambia the,-15.7,13.4
Georgia,0,GE,GEO,268,Georgia_(country),Georgia (country),43.57,42.08
Germany,5,DE,DEU,276,*,,9.9,51.79
Ghana,1,GH,GHA,288,*,,-0.73,7.13
Gibraltar,5,GI,GIB,292,*,,-5.35,36.14
Greece,5,GR,GRC,300,*,,22,39.27
Greenland,5,GL,GRL,304,*,,-42.52,70.61
Grenada,2,GD,GRD,308,*,,-61.67,12.09
Guadeloupe,2,GP,GLP,312,*,,-61.29,15.93
Guam,6,GU,GUM,316,*,,144.74,13.43
Guatemala,2,GT,GTM,320,*,,-90.28,15.74
Guernsey,5,GG,GGY,831,*,,-2.59,49.45
Guinea,1,GN,GIN,324,Guinea,guinea the republic of,-10.61,10.21
Guinea-Bissau,1,GW,GNB,624,*,,-15,12
Guyana,3,GY,GUY,328,*,,-59.03,5.11
Haiti,2,HT,HTI,332,*,,-72.87,18.84
Heard Island and McDonald Islands,6,HM,HMD,334,*,,73.49,-53.11
Vatican City,5,VA,VAT,336,*,,12.45,41.9
Honduras,2,HN,HND,340,*,,-86.28,14.53
Hong Kong,0,HK,HKG,344,*,hong kong;hong kong;china hong kong special administrative region;china (sar),114.19,22.44
Hungary,5,HU,HUN,348,*,,18.82,47.21
Iceland,5,IS,ISL,352,*,,-19.83,65.47
India,0,IN,IND,356,*,,82.19,23.9
Indonesia,0,ID,IDN,360,*,,114.07,0.38
Iran,0,IR,IRN,364,*,iran;iran (islamic republic of),52.77,33.67
Iraq,0,IQ,IRQ,368,*,,45.32,32.96
Republic of Ireland,5,IE,IRL,372,*,ireland,-8,53.57
Isle of Man,5,IM,IMN,833,*,,-4.52,54.21
Israel,0,IL,ISR,376,*,israel west bank,35,32
Italy,5,IT,ITA,380,*,,12.52,43.64
Jamaica,2,JM,JAM,388,*,,-77.28,18.07
Japan,0,JP,JPN,392,*,,137.87,35
Jersey,5,JE,JEY,832,*,,-2.16,49.21
Jordan,0,JO,JOR,400,*,,36.67,31.1
Kazakhstan,0,KZ,KAZ,398,*,,65.47,48.25
Kenya,1,KE,KEN,404,*,,38.52,0.68
Kiribati,6,KI,KIR,296,*,,-151.81,-11.44
North Korea,0,KP,PRK,408,*,korea;democratic people's republic of;north korea;democratic people's republic of korea;korea north,127.01,39.85
South Korea,0,KR,KOR,410,*,korea;republic of;korea (republic of);republic of korea;south korea;korea south,127.2,35.97
Kuwait,0,KW,KWT,414,*,,47.7,29.35
Kyrgyzstan,0,KG,KGZ,417,*,kirgizstan,73.29,41.09
Laos,0,LA,LAO,418,*,lao people's democratic republic;laos,103.96,18.45
Latvia,5,LV,LVA,428,*,,24.51,56.98
Lebanon,0,LB,LBN,422,*,,35.95,33.96
Lesotho,1,LS,LSO,426,*,,28.31,-29.81
Liberia,1,LR,LBR,430,*,,-9.14,6.81
Libya,1,LY,LBY,434,*,libya;libyan arab jamahiriya,16.68,28.04
Liechtenstein,5,LI,LIE,438,*,,9.53,47.13
Lithuania,5,LT,LTU,440,*,,24.07,55.15
Luxembourg,5,LU,LUX,442,*,,6.17,49.82
Macau,0,MO,MAC,446,*,macao,113.54,22.19
Republic of Macedonia,5,MK,MKD,807,*,macedonia;republic of macedonia;macedonia (tfyr);the former yugoslav republic of macedonia;macedonia,21.59,41.48
Madagascar,1,MG,MDG,450,*,,47.3,-16.3
Malawi,1,MW,MWI,454,*,,34.12,-13.11
Malaysia,0,MY,MYS,458,*,,114,3
Maldives,0,MV,MDV,462,*,,73.16,-0.69
Mali,1,ML,MLI,466,*,,-5.39,14.62
Malta,5,MT,MLT,470,*,,14.42,35.88
Marshall Islands,6,MH,MHL,584,*,,168.11,5.61
Martinique,2,MQ,MTQ,474,*,,-61,14.67
Mauritania,1,MR,MRT,478,*,,-11.66,19.5
Mauritius,6,MU,MUS,480,*,,57.5,-20.32
Mayotte,1,YT,MYT,175,*,,45.27,-12.78
Mexico,2,MX,MEX,484,*,mexico;méxico;republica de mexico;mejico;méjico;republica de mejico,-102.86,23.45
Federated States of Micronesia,6,FM,FSM,583,*,micronesia;micronesia;federated states of;federated states of micronesia;micronesia (federated states of);micronesia federated states of,153.67,5.29
Moldova,5,MD,MDA,498,*,republic of moldova;moldova,28.7,47.01
Monaco,5,MC,MCO,492,*,,7.4,43.75
Mongolia,0,MN,MNG,496,*,,104.79,47.31
Montenegro,5,ME,MNE,499,*,,19.28,42.71
Montserrat,2,MS,MSR,500,*,,-62.21,16.73
Morocco,1,MA,MAR,504,*,,-5.68,32.26
Mozambique,1,MZ,MOZ,508,*,,34.9,-17.66
Myanmar,0,MM,MMR,104,*,burma;myanmar;myanmar (burma);burma (myanmar),96.88,21
Namibia,1,NA,NAM,516,*,,18.95,-21.51
Nauru,6,NR,NRU,520,*,,166.93,-0.52
Nepal,0,NP,NPL,524,*,,84.27,28.49
Netherlands,5,NL,NLD,528,*,,5.46,52.22
Netherlands Antilles,2,AN,ANT,530,*,,-68.29,12.16
New Caledonia,6,NC,NCL,540,*,,165.52,-21.43
New Zealand,5,NZ,NZL,554,*,,176,-39
Nicaragua,2,NI,NIC,558,*,,-84.77,13.18
Niger,1,NE,NER,562,*,,6.92,15.79
Nigeria,1,NG,NGA,566,*,,7.91,8.24
Niue,6,NU,NIU,570,*,,-169.89,-19.05
Norfolk Island,6,NF,NFK,574,*,,167.95,-29.04
Northern Mariana Islands,6,MP,MNP,580,*,,145.21,14.15
Norway,5,NO,NOR,578,*,,13.57,64.7
Oman,0,OM,OMN,512,*,,56.29,21.32
Pakistan,0,PK,PAK,586,*,,69.38,29.37
Palau,6,PW,PLW,585,*,,132.22,5.3
Palestinian territories,0,PS,PSE,275,*,palestine;palestinian authority;palestinian territories;occupied palestinian territories,34.7,32
Panama,2,PA,PAN,591,*,,-80.22,8.31
Papua New Guinea,6,PG,PNG,598,*,,146.36,-8.13
Paraguay,3,PY,PRY,600,*,,-57.54,-23.36
Peru,3,PE,PER,604,*,perú;peru,-74.02,-8.05
Philippines,6,PH,PHL,608,*,,121.5,16
Pitcairn Islands,6,PN,PCN,612,*,,-130.09,-25.07
Poland,5,PL,POL,616,*,,18.77,52.08
Portugal,5,PT,PRT,620,*,,-7.87,39.61
Puerto Rico,2,PR,PRI,630,*,,-66.5,18.25
Qatar,0,QA,QAT,634,*,,51.29,25.28
Réunion,1,RE,REU,638,R%C3%A9union,reunion,55.53,-21.14
Romania,5,RO,ROU,642,*,,24.38,45.31
Russia,0,RU,RUS,643,*,russia;russian federation,96.47,62.06
Rwanda,1,RW,RWA,646,*,,29.91,-2.07
Saint Barthélemy,2,BL,BLM,652,Saint_Barth%C3%A9lemy,,-63.06,18.04
Saint Helena Ascension and Tristan da Cunha,1,SH,SHN,654,Saint_Helena,0/00/*Saint_Helena.svg#*Saint_Helena!,-9.96,-40.34
Saint Kitts and Nevis,2,KN,KNA,659,*,saint kitts and nevis;saint kitts & nevis;st. kitts-Nevis,-62.6,17.13
Saint Lucia,2,LC,LCA,662,*,St. Lucia,-60.99,13.89
Collectivity of Saint Martin,2,MF,MAF,663,*,saint martin,-63.06,18.06
Saint Pierre and Miquelon,2,PM,SPM,666,*,,-56.19,46.77
Saint Vincent and the Grenadines,2,VC,VCT,670,*,,-61.44,12.59
Samoa,6,WS,WSM,882,*,samoa;western samoa;samoa (western samoa),-171.78,-13.9
San Marino,5,SM,SMR,674,*,,12.45,43.94
São Tomé and Príncipe,1,ST,STP,678,S%C3%A3o_Tom%C3%A9_and_Pr%C3%ADncipe,sao tome,6.56,0.22
Saudi Arabia,0,SA,SAU,682,*,,44.17,24.79
Senegal,1,SN,SEN,686,*,,-14,13.64
Serbia,5,RS,SRB,688,*,,20.76,44.15
Seychelles,1,SC,SYC,690,*,,46.49,-9.74
Sierra Leone,1,SL,SLE,694,*,,-12.33,8.64
Singapore,0,SG,SGP,702,*,,103.78,1.37
Slovakia,5,SK,SVK,703,*,,19.58,48.74
Slovenia,5,SI,SVN,705,*,,14.69,46.07
Solomon Islands,6,SB,SLB,90,*,,160.11,-9.57
Somalia,1,SO,SOM,706,*,,48,9
South Africa,1,ZA,ZAF,710,*,,24.82,-28.37
South Georgia and the South Sandwich Islands,6,GS,SGS,239,*,,-36.92,-54.35
South Sudan,1,SS,SSD,736,*,government of south sudan,30.3,7.5
Spain,5,ES,ESP,724,*,,-4.71,40.24
Sri Lanka,0,LK,LKA,144,*,,80.75,8.38
Sudan,1,SD,SDN,736,*,,31,16
Suriname,3,SR,SUR,740,*,,-56.06,4.3
Svalbard and Jan Mayen,5,SJ,SJM,744,*,,15.36,78.55
Swaziland,1,SZ,SWZ,748,*,,31.47,-26.6
Sweden,5,SE,SWE,752,*,,17.02,61.52
Switzerland,5,CH,CHE,756,*,,8.65,46.82
Syria,0,SY,SYR,760,*,syria;syrian arab republic;syrian arabic republic,37.85,35.08
Taiwan,0,TW,TWN,158,*,,121.06,24.03
Tajikistan,0,TJ,TJK,762,*,,70.63,38.79
Tanzania,1,TZ,TZA,834,*,tanzania;tanzania (united republic of);united republic of tanzania;tanzania,34.65,-6.69
Thailand,0,TH,THA,764,*,,100.88,15
East Timor,6,TL,TLS,626,*,timor;east timor;timor-leste;timor leste,125.66,-8.89
Togo,1,TG,TGO,768,*,,0.8,9.03
Tokelau,6,TK,TKL,772,*,,-171.23,-9.37
Tonga,6,TO,TON,776,*,,-174.65,-18.81
Trinidad and Tobago,2,TT,TTO,780,*,trinidad and tobago;trinidad & tobago;trinidad,-61.4,10.39
Tunisia,1,TN,TUN,788,*,,9.92,34.38
Turkey,0,TR,TUR,792,*,,34.89,38.59
Turkmenistan,0,TM,TKM,795,*,,57.36,39.59
Turks and Caicos Islands,2,TC,TCA,796,*,,-71.15,21.47
Tuvalu,6,TV,TUV,798,*,,179.22,-8.51
Uganda,1,UG,UGA,800,*,,32.1,1.63
Ukraine,5,UA,UKR,804,*,,32.75,47.62
United Arab Emirates,0,AE,ARE,784,*,,54.99,24.55
United Kingdom,5,GB,GBR,826,*,united kingdom;uk;u.k;england,-2,54.43
United States,2,US,USA,840,*,usa;united states of america;united states,-95,37.28
United States Minor Outlying Islands,6,UM,UMI,581,*,,-160.03,-0.39
Uruguay,3,UY,URY,858,*,,-56.35,-32.71
Uzbekistan,0,UZ,UZB,860,*,,65.97,41.08
Vanuatu,6,VU,VUT,548,*,,166.93,-15.37
Venezuela,3,VE,VEN,862,*,venezuela;venezuela (bolivarian republic of),-65.44,7.96
Vietnam,0,VN,VNM,704,*,vietnam;viet nam,108,15.32
British Virgin Islands,2,VG,VGB,92,*,,-64.63,18.42
United States Virgin Islands,2,VI,VIR,850,*,,-64.74,17.73
Wallis and Futuna,2,WF,WLF,876,*,wallis and futuna islands,-178.13,-14.3
Western Sahara,1,EH,ESH,732,*,,-14.17,24.02
Yemen,0,YE,YEM,887,*,,46.67,15.49
Zambia,1,ZM,ZMB,894,*,,28.5,-12.88
Zimbabwe,1,ZW,ZWE,716,*,,29.82,-19.04